time,speed,target_speed,steering_angle,x,y,yaw,nearest_index
0.10958433151245117,0.0,0.0,0.0,1059.294319747217,449.99999999999994,-1.6786406687382207,0
0.22302031517028809,0.0,0.0,0.0,1059.294319747217,449.99999999999994,-1.6786406687382207,0
0.339585542678833,0.0,0.0,0.0,1059.294319747217,449.99999999999994,-1.6786406687382207,0
0.44148802757263184,0.0,0.0,0.0,1059.294319747217,449.99999999999994,-1.6786406687382207,0
0.5561954975128174,0.0,0.0,0.0,1059.294319747217,449.99999999999994,-1.6786406687382207,0
0.6562740802764893,0.0,0.0,0.0,1059.294319747217,449.99999999999994,-1.6786406687382207,0
0.757012128829956,0.0,0.0,0.0,1059.294319747217,449.99999999999994,-1.6786406687382207,0
0.8728468418121338,0.0,0.0,0.0,1059.294319747217,449.99999999999994,-1.6786406687382207,0
0.9735853672027588,0.0,0.0,0.0,1059.294319747217,449.99999999999994,-1.6786406687382207,0
1.08964204788208,0.0,0.0,0.0,1059.294319747217,449.99999999999994,-1.6786406687382207,0
1.191288948059082,0.0,0.0,0.0,1059.294319747217,449.99999999999994,-1.6786406687382207,0
1.307295560836792,0.0,0.0,0.0,1059.294319747217,449.99999999999994,-1.6786406687382207,0
1.408381462097168,0.0,0.0,0.0,1059.294319747217,449.99999999999994,-1.6786406687382207,0
1.5248055458068848,0.0,0.0,0.0,1059.294319747217,449.99999999999994,-1.6786406687382207,0
1.641103744506836,0.0,0.0,0.0,1059.294319747217,449.99999999999994,-1.6786406687382207,0
1.7585537433624268,0.0,0.0,0.0,1059.294319747217,449.99999999999994,-1.6786406687382207,0
1.873338222503662,0.0,0.0,0.0,1059.294319747217,449.99999999999994,-1.6786406687382207,0
1.9743211269378662,0.0,0.0,0.0,1059.294319747217,449.99999999999994,-1.6786406687382207,0
2.0752322673797607,0.0,0.0,0.0,1059.294319747217,449.99999999999994,-1.6786406687382207,0
2.1768581867218018,0.0,0.0,0.0,1059.294319747217,449.99999999999994,-1.6786406687382207,0
2.278672933578491,0.0,0.0,0.0,1059.294319747217,449.99999999999994,-1.6786406687382207,0
2.3935134410858154,0.0,0.0,0.0,1059.294319747217,449.99999999999994,-1.6786406687382207,0
2.509815216064453,0.0,0.0,0.0,1059.294319747217,449.99999999999994,-1.6786406687382207,0
2.6108901500701904,0.0,0.0,0.0,1059.294319747217,449.99999999999994,-1.6786406687382207,0
2.7133665084838867,0.504,100.1653387769635,-0.20629539067809646,1059.2915843360004,450.0252563010195,-1.6787071235119095,0
2.8282504081726074,1.194,100.1653387769635,-0.2062858192232421,1059.2804419528002,450.12796165672313,-1.6789773603600253,0
2.9428579807281494,1.8840000000000006,100.1653387769635,-0.20626861273516695,1059.2606706924441,450.3095464621837,-1.679455130540843,0
3.0440468788146973,2.49,100.1653387769635,-0.20624805055241585,1059.2360856780065,450.5341952005922,-1.6800461853287108,0
3.158266305923462,3.1740000000000004,100.1653387769635,-0.20622018180893953,1059.2001166523696,450.8606415707543,-1.6809050351004986,0
3.2727646827697754,3.8640000000000003,100.1653387769635,-0.2061893505084879,1059.154773714191,451.26848674953396,-1.6819779944562858,0
3.3884403705596924,4.554000000000001,100.1653387769635,-0.2061576275373241,1059.1000831898018,451.7551312186603,-1.6832582284756645,0
3.503495216369629,5.244000000000002,100.1653387769635,-0.20612914500881926,1059.0357398610067,452.3205398174038,-1.6847456832570193,0
3.603590726852417,5.844000000000004,100.1653387769635,-0.20610979433298426,1058.9716599204783,452.8762614576892,-1.6862077323249285,0
3.719625949859619,6.540000000000005,100.1653387769635,-0.20609780417649595,1058.8875046725655,453.5953980607549,-1.6880999354218895,0
3.8196499347686768,7.140000000000007,100.1653387769635,-0.20610027280233498,1058.8061483750475,454.27958190846675,-1.6899005330254824,0
3.934858798980713,7.836000000000008,100.1653387769635,-0.20612339345468395,1058.7011181624073,455.1476307007373,-1.692185734756297,0
4.052358388900757,8.53800000000001,100.1653387769635,-0.20617549407813673,1058.5830389064076,456.10411952012026,-1.694704999665232,0
4.166507959365845,9.22200000000001,100.1653387769635,-0.20626267023930672,1058.4556991986333,457.1140166377616,-1.697366750420693,0
4.281339645385742,9.912000000000011,100.1653387769635,-0.20639417098305676,1058.3142877139012,458.21081566647433,-1.7002601833002804,0
4.397315502166748,10.608000000000013,100.1653387769635,-0.20657978435788527,1058.1577678871436,459.396460525286,-1.7033917680825703,0
4.497533082962036,11.208000000000014,100.1653387769635,-0.2067937279107766,1058.0110748386662,460.48240101065625,-1.706264102721444,0
4.597878694534302,11.814000000000016,100.1653387769635,-0.2070681438646958,1057.851302696259,461.63913252642124,-1.7093287138439823,0
4.698011636734009,12.414000000000017,100.1653387769635,-0.20740684950125007,1057.6810832815406,462.84356716471683,-1.7125260644108544,0
4.7981884479522705,13.014000000000019,101.17668360370683,-0.29993332897492625,1057.497967469347,464.1067667549951,-1.7166836001809365,1
4.913667440414429,13.71000000000002,101.17668360370683,-0.29889161167648715,1057.2665250240705,465.6452168965227,-1.7226849864741214,1
5.029476642608643,14.400000000000022,101.17668360370683,-0.2978644315119607,1057.0153949066298,467.24765341439314,-1.7289190028393298,1
5.1300272941589355,15.006000000000023,101.17668360370683,-0.29699997077617807,1056.7758554413685,468.7183780070243,-1.7346269157985506,1
5.2304229736328125,15.606000000000025,101.17668360370683,-0.2961558287974226,1056.520217004284,470.23255173924855,-1.7404911986323954,1
5.344532012939453,16.290000000000024,101.17668360370683,-0.29525062175626415,1056.205104957253,472.02876330933645,-1.7474337720636701,1
5.44511604309082,16.896000000000026,101.17668360370683,-0.2945090721785082,1055.9035601372113,473.6824890769588,-1.7538144615665658,1
5.561121225357056,17.592000000000027,101.17668360370683,-0.29372626502637106,1055.5298983214893,475.65345297324274,-1.76140815098845,1
5.66133713722229,18.19200000000003,101.17668360370683,-0.2931321657254158,1055.1830069357632,477.41380019053804,-1.768183201266,1
5.761359214782715,18.79200000000003,101.17668360370683,-0.29262266433974155,1054.8119732370333,479.2304985515925,-1.7751710936291072,1
5.862539768218994,19.39800000000003,101.17668360370683,-0.29222341096962,1054.4114853703743,481.12226523329804,-1.7824468112007088,1
5.978878498077393,20.100000000000033,101.17668360370683,-0.29191174374346296,1053.913587194016,483.3846212374911,-1.7911517629451008,1
6.093856573104858,20.790000000000035,101.17668360370683,-0.2917971187194682,1053.3868109394919,485.68183770736823,-1.8000018845541228,1
6.210029125213623,21.486000000000036,101.17668360370683,-0.29190710953410887,1052.8157790231667,488.0723528422539,-1.8092314177138107,1
6.325432538986206,22.176000000000037,101.17668360370683,-0.2922779524798329,1052.208285612892,490.5141470132987,-1.8186893285366728,1
6.426544427871704,22.78200000000004,103.89143104267316,-0.36543656118875617,1051.63592470576,492.7164575269667,-1.829603677576112,2
6.527273416519165,23.38800000000004,103.89143104267316,-0.3632613792564895,1051.0232327203807,494.97137757357063,-1.840736881139911,2
6.644265651702881,24.090000000000042,103.89143104267316,-0.3608369004512822,1050.260806024378,497.6482308423926,-1.853906218802327,2
6.759876251220703,24.786000000000044,103.89143104267316,-0.3585870383640211,1049.4465156967904,500.36957385781125,-1.8672519726502432,2
6.875641822814941,25.476000000000045,103.89143104267316,-0.3565193639032496,1048.5791974236752,503.1323501223846,-1.8807685597500505,2
6.990041732788086,26.166000000000047,103.89143104267316,-0.3547121180832462,1047.6493583105714,505.95837975382454,-1.8945737995971415,2
7.106355428695679,26.862000000000048,103.89143104267316,-0.3530904203437809,1046.6452892400678,508.87157175736087,-1.9087975772040666,2
7.222132205963135,27.55800000000005,103.89143104267316,-0.35177596638748526,1045.5719763349327,511.84594659056677,-1.9233293195190488,2
7.322989463806152,28.16400000000005,103.89143104267316,-0.35090533759636133,1044.5787128619916,514.4842179765402,-1.936241995023654,2
7.438502788543701,28.854000000000052,103.89143104267316,-0.35027322722102194,1043.3787868616744,517.5413407231985,-1.9512509346907037,2
7.553566932678223,29.544000000000054,107.55879127927464,-0.4002960289795366,1042.0999457343428,520.6522566458336,-1.9684148930931966,3
7.654130220413208,30.150000000000055,107.55879127927464,-0.3965530258441174,1040.9049094894617,523.4253393600245,-1.9842885415799514,3
7.757492303848267,30.768000000000058,107.55879127927464,-0.3928944258052203,1039.6147736484563,526.290853249716,-2.0006383883596923,3
7.871707439422607,31.45800000000006,107.55879127927464,-0.389031319906795,1038.0870689959584,529.5325246693135,-2.0190855335589317,3
7.985383749008179,32.13600000000005,107.55879127927464,-0.3854661704337406,1036.4934649989764,532.7589050356164,-2.037415640097682,3
8.102355480194092,32.83800000000003,107.55879127927464,-0.3821490484129855,1034.743649411907,536.1397058994817,-2.0566176729961514,3
8.218225717544556,33.534000000000006,107.55879127927464,-0.3791695493703791,1032.9059979904443,539.5288498855604,-2.0758891946439815,3
8.31999135017395,34.14599999999999,107.55879127927464,-0.3769360079344933,1031.203062193576,542.5371313710832,-2.0930403914303106,3
8.420589208602905,34.74599999999997,107.55879127927464,-0.37505956376619864,1029.4527171049879,545.5096358748657,-2.110054072142701,3
8.536195516586304,35.44199999999994,111.41485738631545,-0.3734068797934615,1027.3194925255445,548.9835592428799,-2.1300582481573493,4
8.651614427566528,36.13199999999992,111.41485738631545,-0.372376724793039,1025.0929060864837,552.451390814155,-2.150203108735684,4
8.752477645874023,36.7379999999999,111.41485738631545,-0.3720454248916135,1023.0430376108587,555.5136107043453,-2.1681826920307525,4
8.85408353805542,37.34999999999988,111.41485738631545,-0.37233160466887233,1020.8812421457227,558.6188568968748,-2.1866446715096464,4
8.969808340072632,38.04599999999986,111.41485738631545,-0.37354206245202937,1018.3083755199909,562.1618786020155,-2.2080598544405996,4
9.08458161354065,38.72999999999983,111.41485738631545,-0.37583145167503185,1015.6581375359879,565.6512523581637,-2.2296045859077362,4
9.185485601425171,39.335999999999814,111.41485738631545,-0.37886054534313796,1013.206229543913,568.7447798118462,-2.2491705002746567,4
9.299952268600464,40.02599999999979,111.41485738631545,-0.3837663045906589,1010.2928806460565,572.2643182262192,-2.2720853483054047,4
9.414301633834839,40.709999999999766,114.95636987460585,-0.37108513996256054,1007.273365418055,575.7443870506669,-2.295405935610066,5
9.528800964355469,41.39999999999974,114.95636987460585,-0.36828657505337936,1004.0941126588064,579.2423727601636,-2.3182846966556325,5
9.64378547668457,42.08999999999972,114.95636987460585,-0.36619306051448425,1000.780553396143,582.7237943841826,-2.341381058129841,5
9.759238719940186,42.779999999999696,114.95636987460585,-0.3649467829424636,997.3309468679892,586.1834463674805,-2.364745636985434,5
9.874125003814697,43.46999999999967,114.95636987460585,-0.3646871258827879,993.7435059780254,589.6157687876378,-2.3884406831084055,5
9.989869832992554,44.16599999999965,114.95636987460585,-0.365599832763703,989.9832523788683,593.0441354396904,-2.4127547226977843,5
10.090026617050171,44.76599999999963,114.95636987460585,-0.3675273977130521,986.62597771952,595.9672775236317,-2.4341217900502907,5
10.190748691558838,45.37199999999961,114.95636987460585,-0.3706669657881363,983.1248848869757,598.8841987564182,-2.4561665264902186,5
10.29090690612793,45.97199999999959,117.95925159944247,-0.3357728232432054,979.5481851669634,601.732258175786,-2.478108070011913,6
10.405202150344849,46.655999999999565,117.95925159944247,-0.33168107751145354,975.3419110931795,604.9324478675709,-2.5009863968511805,6
10.521570444107056,47.35199999999954,117.95925159944247,-0.3283426127168884,970.9227536350389,608.1358943966045,-2.524334618731342,6
10.622209310531616,47.95799999999952,117.95925159944247,-0.326189136146462,966.9606925786591,610.8775905595675,-2.544764775781583,6
10.723518371582031,48.5639999999995,117.95925159944247,-0.3247920789154189,962.8921970687195,613.5712410339958,-2.5653369431552497,6
10.840097665786743,49.26599999999948,117.95925159944247,-0.32430642275544885,958.0460445781293,616.6263764409925,-2.589418945564528,6
10.953201532363892,49.943999999999455,117.95925159944247,-0.3252141327878943,953.229908859265,619.5047301269951,-2.6130279868562862,6
11.05382752418518,50.549999999999436,117.95925159944247,-0.327347782397357,948.8114552415564,622.0113752286876,-2.634519581903708,6
11.154283285140991,51.149999999999416,120.37546093508746,-0.27969493749537405,944.3325032647975,624.429290606531,-2.654483575910936,7
11.270189762115479,51.84599999999939,120.37546093508746,-0.27504634683242973,939.0148637993619,627.163572046246,-2.675732021495636,7
11.386016130447388,52.54199999999937,120.37546093508746,-0.27129682059130644,933.5678557451154,629.8198280660619,-2.6969284432579452,7
11.501375436782837,53.231999999999346,120.37546093508746,-0.2684476671765285,928.0411562081596,632.3720995407077,-2.7179544977393433,7
11.602535247802734,53.837999999999326,120.37546093508746,-0.2668413079738635,923.0837321801604,634.5433607585937,-2.7364921886487115,7
11.717204809188843,54.5279999999993,120.37546093508746,-0.26617255819976127,917.3224399145228,636.9313978979319,-2.757762134495909,7
11.818154573440552,55.13399999999928,120.37546093508746,-0.26677074128531697,912.1602227507266,638.9502878427388,-2.7766716729485528,7
11.933327436447144,55.82399999999926,122.23729150989581,-0.2203243218781144,906.1672319853849,641.1549256429937,-2.7979730754164045,8
12.03332781791687,56.42399999999924,122.23729150989581,-0.21620708740694486,900.861276212557,642.9992255565031,-2.813517555468918,8
12.133447408676147,57.02399999999922,122.23729150989581,-0.21261662573678494,895.4704459570202,644.7800255463441,-2.828945982046869,8
12.234389305114746,57.6299999999992,122.23729150989581,-0.20968128949540635,889.9403736024502,646.5124160270582,-2.844450793331704,8
12.349843263626099,58.325999999999176,122.23729150989581,-0.20714224449860275,883.484501705058,648.4176372693578,-2.8622209420818776,8
12.450044631958008,58.925999999999156,122.23729150989581,-0.2058048608147212,877.8301709853797,649.9850126409488,-2.8775694644534515,8
12.566578149795532,59.62199999999913,122.23729150989581,-0.20541833971460327,871.1691087628702,651.7126770635329,-2.895496922613522,8
12.68125605583191,60.31199999999911,122.23729150989581,-0.20653737946257908,864.4583202344894,653.3251172554676,-2.913517783070187,8
12.796395778656006,61.001999999999086,123.60292050018852,-0.16471744081749434,857.6449037576359,654.8463138340162,-2.9281833460605773,9
12.913361310958862,61.70399999999906,123.60292050018852,-0.16098575065115156,850.6111760720239,656.3085322834658,-2.942907278561987,9
13.014994144439697,62.31599999999904,123.60292050018852,-0.15835357789669094,844.3964087226267,657.5117997740789,-2.955628069920067,9
13.12962555885315,62.99999999999902,123.60292050018852,-0.15617001877662817,837.3606567159918,658.7765681559154,-2.969776234058559,9
13.24522590637207,63.695999999998996,123.60292050018852,-0.15493327388605094,830.1047493593671,659.9741757657356,-2.9841761317488293,9
13.36186957359314,64.397999999999,123.60292050018852,-0.15485359640440569,822.6885947527196,661.0878600112809,-2.9988031654245453,9
13.477828979492188,65.09399999999903,124.5307518485362,-0.13038682203800409,815.2404062079061,662.0970815689506,-3.0124961359148323,10
13.578322172164917,65.69399999999905,124.5307518485362,-0.1272985477412045,808.7454006723707,662.8994123396665,-3.0230693134837527,10
13.694463729858398,66.38999999999908,124.5307518485362,-0.12429483462199144,801.1264853688638,663.7531450331776,-3.035162546094619,10
13.809905529022217,67.0859999999991,124.5307518485362,-0.12205179693191383,793.4175259124011,664.5232980473152,-3.0471297828426804,10
13.926136016845703,67.78199999999913,124.5307518485362,-0.1206012899259416,785.6195015522243,665.208501349512,-3.0590422945700895,10
14.040909051895142,68.47199999999916,124.5307518485362,-0.12011741216723855,777.8017696359827,665.8020666183702,-3.0708830539403795,10
14.156040906906128,69.16199999999918,125.06761294981726,-0.11212333481225768,769.8983457068148,666.3077040744856,-3.0827313948111565,11
14.271368741989136,69.85199999999921,125.06761294981726,-0.10872972402828975,761.9104350397016,666.7275764717959,-3.0937879690120567,11
14.37216591835022,70.45799999999923,125.06761294981726,-0.10630393160807043,754.8260213704398,667.0268481849021,-3.1033333665755984,11
14.486437320709229,71.14199999999926,125.06761294981726,-0.10414463796587221,746.7534609920787,667.2865582664706,-3.1139740079703677,11
14.602946519851685,71.84399999999928,125.06761294981726,-0.10273932954150418,738.3848675393026,667.4657533530808,-3.1248184060465687,11
14.704111099243164,72.4499999999993,125.06761294981726,-0.10225828140149745,731.0934096463636,667.5482026174575,-3.134184511175068,11
14.819281816482544,73.13999999999933,125.2431936158631,-0.10780041170581123,722.7163585088304,667.5586689408859,-3.1450284986859587,12
14.934825897216797,73.83599999999936,125.2431936158631,-0.10435489445769236,714.1864437589062,667.4739217222307,-3.1563482318258167,12
15.050175189971924,74.52599999999939,125.2431936158631,-0.10160995789269762,705.6518857423474,667.2941064907826,-3.167347146989579,12
15.151496410369873,75.13199999999941,125.2431936158631,-0.09978993904588487,698.0927926234053,667.0572054771691,-3.176880479795633,12
15.267121076583862,75.82799999999943,125.2431936158631,-0.0985377004053728,689.3389318687026,666.6935775629117,-3.187758316084106,12
15.383245706558228,76.52399999999946,125.2431936158631,-0.09829773535705075,680.5089219027473,666.2304895882012,-3.198658990020976,12
15.49868130683899,77.21999999999949,125.06761294981715,-0.11220019283698386,671.604071477803,665.6636605966677,-3.2103772525960914,13
15.612725019454956,77.90399999999951,125.06761294981715,-0.10886894012832028,662.7818948194785,664.9935819863895,-3.222615634289865,13
15.728838682174683,78.59999999999954,125.06761294981715,-0.10631472038442849,653.7341225241026,664.1949792669245,-3.234848097386404,13
15.845626831054688,79.29599999999957,125.06761294981715,-0.10471559819179103,644.616391286442,663.2784097539433,-3.246956319447508,13
15.9610595703125,79.99199999999959,125.06761294981715,-0.1042947181218957,635.430185944289,662.2425821774506,-3.2590611614342326,13
16.062119245529175,80.59799999999962,125.06761294981715,-0.10510326600011644,627.3773091840231,661.2415141553191,-3.2697170908752753,13
16.17629623413086,81.28199999999964,124.53075184853603,-0.12232474702047774,618.23037629169,659.9862973666134,-3.2840923794434542,14
16.29300332069397,81.98399999999967,124.53075184853603,-0.11939241646322701,608.7819835915994,658.5505894828876,-3.2985651461025713,14
16.408910751342773,82.6799999999997,124.53075184853603,-0.1176492867525836,599.3557267392545,656.9800040197233,-3.3127607701370496,14
16.509610414505005,83.27999999999972,124.53075184853603,-0.11729283878450655,591.1844145380977,655.5073519137767,-3.3249957846988583,14
16.60996437072754,83.88599999999974,124.53075184853603,-0.11827948517453968,582.8905783458434,653.9064326779968,-3.3374860204913874,14
16.711505889892578,84.49199999999976,123.60292050018849,-0.14024414934388216,574.5595084298072,652.1798037930901,-3.3522425272009393,15
16.812167167663574,85.09799999999979,123.60292050018849,-0.13734451216449267,566.1955777256813,650.3148853682494,-3.3671697419732705,15
16.912421703338623,85.69799999999981,123.60292050018849,-0.13556688450756177,557.8839801115056,648.3325021714005,-3.381809264062579,15
17.02743148803711,86.38799999999983,123.60292050018849,-0.13518970380778048,548.2908669036925,645.8846158883683,-3.3986432426128146,15
17.14187455177307,87.07799999999986,123.60292050018849,-0.13706756110515497,538.6640790778645,643.2535788953558,-3.4157201075453365,15
17.25617527961731,87.76199999999989,122.23729150989578,-0.16065115894977877,529.0959574350709,640.4468768034646,-3.4356332268894634,16
17.373443841934204,88.46399999999991,122.23729150989578,-0.15800688924774053,519.259847606501,637.3406946385244,-3.45630719485734,16
17.489251375198364,89.15999999999994,122.23729150989578,-0.15751759621656156,509.4963327246983,634.0355118414715,-3.4767741402949235,16
17.6058828830719,89.86199999999997,122.23729150989578,-0.15988427037609726,499.6428589791117,630.4707724449001,-3.497724548782111,16
17.706050157546997,90.46199999999999,120.37546093508749,-0.18715135023420648,491.2248333237519,627.2279318569066,-3.518143177982015,17
17.80802321434021,91.07400000000001,120.37546093508749,-0.18471004453496997,482.6544436421892,623.7124866490142,-3.539881803498391,17
17.90828013420105,91.67400000000004,120.37546093508749,-0.1843391046653127,474.27253589790564,620.0622677589046,-3.5611867999148683,17
18.008671522140503,92.27400000000006,120.37546093508749,-0.1865115946186345,465.9163149310814,616.2081014622513,-3.582758669878847,17
18.124006509780884,92.97000000000008,117.95925159944247,-0.21961138057363497,456.2647252561117,611.4751164597544,-3.6091135959436955,18
18.22442102432251,93.5700000000001,117.95925159944247,-0.21755769528665891,447.9988796100879,607.1441432510325,-3.6349822699014944,18
18.34035348892212,94.26600000000013,117.95925159944247,-0.21848321561532086,438.4893062894408,601.8173341288274,-3.665128983617888,18
18.45514702796936,94.95600000000016,117.95925159944247,-0.22412038189255307,429.1580708345884,596.2117470086828,-3.695738686440377,18
18.555907011032104,95.56200000000018,114.95636987460577,-0.3062351363992785,421.0606817868551,591.0069889066026,-3.7271045234185873,19
18.672260999679565,96.25800000000021,114.95636987460577,-0.29631418604791876,411.9392266418325,584.628359430296,-3.7701899966200627,19
18.786323308944702,96.94200000000023,114.95636987460577,-0.28959908919048344,403.18430536766454,577.9402852683489,-3.8116171531722705,19
18.90030264854431,97.62600000000026,114.95636987460577,-0.28664556428701726,394.65197431918233,570.8478573736381,-3.8526419241304324,19
19.016896724700928,98.32800000000029,111.41485738631548,-0.3323674658356187,386.1817386052742,563.1167368578086,-3.902749392223202,20
19.133779525756836,99.03000000000031,111.41485738631548,-0.3265059941791908,378.0470555768379,554.9171499555822,-3.951986805990268,20
19.23403763771057,99.63000000000034,111.41485738631548,-0.32521268695142924,371.3763171029365,547.5516176659305,-3.993901472194042,20
19.33508014678955,99.99800000000036,107.55879127927476,-0.37696582962843017,364.9583538528596,539.7823172341217,-4.042829334191157,21
19.450046062469482,100.68800000000039,107.55879127927476,-0.37190151025169815,358.09088615971257,530.5036935815046,-4.099410387560228,21
19.550244092941284,101.28800000000041,107.55879127927476,-0.3719168373146309,352.51822693715974,522.0768110656564,-4.148619374047177,21
19.663835525512695,101.74611698317675,103.89143104267333,-0.4223972581864658,346.6949662218495,512.0821251953887,-4.2128113378009555,22
19.777635097503662,102.30051188461967,103.89143104267333,-0.4189527215642299,341.5467348339484,501.7623448673583,-4.277192824542054,22
19.891496896743774,102.53643918470725,101.17668360370675,-0.46912024320885315,337.0199635004473,490.9892322559569,-4.34362929949674,23
20.00666832923889,102.18604803704862,101.17668360370675,-0.46202999566903014,333.2462686308817,479.8453343410071,-4.41737184815748,23
20.122380256652832,101.91884080518814,101.17668360370675,-0.46052419800996897,330.28405872448207,468.3896362722185,-4.490789374137978,23
20.23607635498047,101.5208432373876,100.16533877696331,-0.4886921905584123,328.21533088587825,456.9826687961443,-4.565702837904285,24
20.336674213409424,101.20523073579213,100.16533877696331,-0.4886921905584123,327.1293851139661,446.90992758385823,-4.633050166106941,24
20.45179772377014,100.92961005559854,100.16533877696331,-0.48686455907042375,326.7198639861622,435.1992558077722,-4.71067151750869,24
20.552607774734497,101.01652748818886,101.17668360370675,-0.4886921905584123,327.10516472209156,425.00893901153813,-4.778417771626606,25
20.667673110961914,101.058557722367,101.17668360370675,-0.4886921905584123,328.38235653959435,413.46241422961384,-4.855647074765136,25
20.768070697784424,101.08606071874647,101.17668360370675,-0.4886921905584123,330.2159215892048,403.5244830043035,-4.922825355556744,25
20.86831760406494,101.68606071874649,103.89143104267339,-0.4886921905584123,332.72274970677455,393.6974493720955,-4.990243519885646,26
20.98320722579956,102.26473734930696,103.89143104267339,-0.48305148681896487,336.438742163766,382.5708857151314,-5.067877791886049,26
21.098361253738403,102.6922213111115,103.89143104267339,-0.47519566647395883,341.02078369982536,371.710926887081,-5.14426532974769,26
21.21403408050537,103.38822131111152,107.55879127927483,-0.4590252409430509,346.49020846438657,361.07969085361185,-5.21952320124156,27
21.31559419631958,103.99422131111154,107.55879127927483,-0.44606558059427165,351.91525612672876,352.1175688428088,-5.2829890042411005,27
21.42960262298584,104.67822131111157,107.55879127927483,-0.43498704062386423,358.73792146350036,342.3706331145066,-5.352902247037888,27
21.543989181518555,105.3682213111116,111.41485738631556,-0.42873209513121385,366.33713573741966,332.979066818914,-5.422352237392984,28
21.658984422683716,106.05822131111162,111.41485738631556,-0.42854119979541144,374.62252119983145,324.0781886197978,-5.491717174981809,28
21.77322030067444,106.74222131111165,111.41485738631556,-0.4364122033238933,383.4867134556274,315.7938624108557,-5.561710608886932,28
21.87364363670349,107.34222131111167,114.95636987460574,-0.3567907170033758,391.7316109033074,308.96117370296787,-5.612059660169768,29
21.97452402114868,107.9482213111117,114.95636987460574,-0.35275495846272953,400.4438934278059,302.4506495878654,-5.662320396046785,29
22.09029746055603,108.64422131111172,114.95636987460574,-0.354280995436551,410.90108090250163,295.48204761844477,-5.720205012121221,29
22.204180002212524,109.32822131111175,117.95925159944247,-0.2785984596967929,421.6085178710529,289.17127709659735,-5.770583508873263,30
22.32200574874878,110.03622131111177,117.95925159944247,-0.27198003873390775,433.0538772411765,283.1183181896383,-5.816153704961956,30
22.42283058166504,110.6422213111118,117.95925159944247,-0.2702583585659729,443.1193907296886,278.3247035504536,-5.854816041772315,30
22.540363311767578,111.34422131111182,120.37546093508746,-0.20732593091394327,455.07078794518765,273.2324174218783,-5.898443910524195,31
22.654520273208618,112.02822131111185,120.37546093508746,-0.20005611373217905,466.96474001889186,268.6748465455208,-5.931201188966765,31
22.770167589187622,112.72422131111188,120.37546093508746,-0.19624213371916127,479.28798057113056,264.40854023444933,-5.963833537648372,31
22.883755922317505,113.4082213111119,120.37546093508746,-0.19684444828236933,491.60260517501365,260.58489635127444,-5.995867050984379,31
22.997393131256104,114.08622131111193,122.23729150989581,-0.1475125296779538,503.98747341848787,257.1267576850584,-6.0212359542402965,32
23.11231780052185,114.77622131111195,122.23729150989581,-0.14304801321787983,516.7490611934712,253.89289631078717,-6.0452237358569,32
23.226603507995605,115.46022131111198,122.23729150989581,-0.14149379136877463,529.5482229211923,250.9695865611454,-6.068665794679572,32
23.326738834381104,116.066221311112,123.60292050018853,-0.11751461008559541,541.0058903756095,248.6154781432971,-6.088352950644076,33
23.443482875823975,116.76222131111203,123.60292050018853,-0.11246801241126231,554.2882720226,246.1480903450651,-6.107765171121252,33
23.55814504623413,117.45222131111205,123.60292050018853,-0.10956188184778527,567.5787789159269,243.93923387514496,-6.126470201935767,33
23.673526287078857,118.14222131111208,123.60292050018853,-0.10934374990061906,580.9865585365009,241.96627682115727,-6.145040936655767,33
23.790321826934814,118.84422131111211,124.53075184853606,-0.10051057120215415,594.7429509416111,240.19938911552157,-6.163023834518197,34
23.906476259231567,119.54022131111213,124.53075184853606,-0.09687043769374167,608.490696776963,238.67585735911143,-6.180069708100199,34
24.008418560028076,120.15222131111216,124.53075184853606,-0.09549041722956061,620.6655184256913,237.52165766168042,-6.194778646955292,34
24.10843825340271,120.75222131111218,125.06761294981719,-0.10348477466394712,632.6772119750942,236.56011449129818,-6.2096362909782865,35
24.22290587425232,121.4422213111122,125.06761294981719,-0.09856328298714455,646.5808686799679,235.67689470194537,-6.227204689235777,35
24.338729858398438,122.13822131111223,125.06761294981719,-0.09558077762214663,660.6990907655472,235.02492340136885,-6.244339706430646,35
24.45517086982727,122.83422131111226,125.06761294981719,-0.09501320268736044,674.9070541963318,234.61047008723148,-6.261274178910758,35
24.57033061981201,123.46126864369897,125.243193615863,-0.107647180497704,689.0745657867355,234.4532289143196,-6.280390469187053,36
24.685218334197998,123.93010871440042,125.243193615863,-0.10367478263599839,703.3040948456471,234.56699544838915,-6.299171794910859,36
24.78655171394348,124.23811042784374,125.243193615863,-0.10214354427091644,715.8356990452764,234.8855809970633,-6.315307483236359,36
24.902673959732056,124.46255997178602,125.06761294981719,-0.12150093960861977,730.3744519198759,235.51501360855485,-6.3355975531330895,37
25.004154920578003,124.60478758737148,125.06761294981719,-0.11672125524924225,742.9284094522781,236.3119814407845,-6.354327834645424,37
25.10516333580017,124.71352895805829,125.06761294981719,-0.11388326542776352,755.4778881969163,237.34050200838416,-6.372491347746343,37
25.206368684768677,124.79660116400485,125.06761294981719,-0.11341806908323193,768.0162071086611,238.59566263684238,-6.390428789370099,37
25.307189464569092,124.70861478839592,124.53075184853606,-0.1336385167491389,780.5270051926544,240.08809216002234,-6.410722233912633,38
25.422744035720825,124.66148666352966,124.53075184853606,-0.12879110949275135,794.8457216906096,242.12313030112705,-6.434471298189334,38
25.5380699634552,124.62718003967078,124.53075184853606,-0.12714322298514855,808.9857806374206,244.46948963843772,-6.457449797338849,38
25.63887643814087,124.47193210032461,123.60292050018857,-0.15165396633357078,821.3518813610035,246.79836101910942,-6.478301737103784,39
25.752570867538452,124.25687864812367,123.60292050018857,-0.14601376916441702,835.0937575508005,249.7298816450227,-6.5045184865161065,39
25.8671932220459,124.08484378384232,123.60292050018857,-0.1437337117419279,848.9747046700838,253.07086316409203,-6.530471319122312,39
25.967793464660645,123.97164017797247,123.60292050018857,-0.14535725025595642,861.0773818372077,256.297416631867,-6.553231418144609,39
26.069047451019287,123.57115345597694,122.23729150989583,-0.16647852714563655,873.0708498154111,259.81066507892024,-6.579153179370695,40
26.181915283203125,123.22638293529533,122.23729150989583,-0.16355431411259094,886.3354386560112,264.0967539414082,-6.608073137266606,40
26.297458171844482,122.96655444766805,122.23729150989583,-0.16544377351732378,899.6703670642811,268.837898696841,-6.637378791480229,40
26.413944721221924,122.38671926082645,120.37546093508756,-0.18953068227784792,913.0367231270584,274.0657491052116,-6.670755287881095,41
26.530036211013794,121.85429196074016,120.37546093508756,-0.18779176050538327,926.0403399401337,279.6688378984151,-6.704449715126422,41
26.64550018310547,121.4662375828579,120.37546093508756,-0.19221139064017034,938.691931236587,285.63079766335267,-6.738020046322952,41
26.760204553604126,120.73388646899286,117.95925159944247,-0.21895100486171595,951.0714435557553,292.00985719529,-6.77554433784623,42
26.874637603759766,120.01038784301903,117.95925159944247,-0.2199391996795246,963.0121162776597,298.7540666932284,-6.813697522757419,42
26.989142179489136,119.47147191820284,117.95925159944247,-0.22896272633883583,974.7255337841152,305.98075075754434,-6.8529400858517375,42
27.10641646385193,118.60070810999821,114.95636987460583,-0.2975212442760783,986.222844039325,313.8306478103758,-6.9053586656822645,43
27.222936391830444,117.6786058572392,114.95636987460583,-0.2885329536187006,997.2023145080059,322.2113312042495,-6.957252067319499,43
27.323566198349,117.04461677162776,114.95636987460583,-0.2854266000887134,1006.1782876486988,329.7607335928099,-7.000420514297335,43
27.438043355941772,116.12461677162777,111.41485738631542,-0.32984806751259516,1015.9756956852998,338.89924216284567,-7.058550733781248,44
27.555010557174683,115.18861677162779,111.41485738631542,-0.32452012110854084,1025.3175299965442,348.67574267958236,-7.115751554056361,44
27.6690194606781,114.2766167716278,107.5587912792747,-0.377995048851236,1033.7925616579696,358.6257204529583,-7.175164755152688,45
27.783853769302368,113.35661677162781,107.5587912792747,-0.37149204343634223,1041.6251243888896,369.10021443448125,-7.239293202166819,45
27.89916467666626,112.43661677162783,107.5587912792747,-0.37198633892547167,1048.720048922793,379.9617372451649,-7.302410103317926,45
27.99925398826599,111.63661677162784,103.89143104267319,-0.42132045284923186,1054.2302579619907,389.70698946328537,-7.365601975619359,46
28.11412024497986,110.71661677162786,103.89143104267319,-0.4188722495480877,1059.7600130540711,401.22330559039204,-7.4368054524594385,46
28.230295658111572,109.78861677162787,101.17668360370683,-0.4661769791251854,1064.4429389454817,413.1128512905117,-7.512234913523311,47
28.345926761627197,108.86061677162789,101.17668360370683,-0.460692133687218,1068.1453130309017,425.2306068647668,-7.591221903821637,47
28.460065603256226,107.9486167716279,100.1653387769635,-0.4886921905584123,1070.826211711319,437.28371858690247,-7.66866407355335,0
28.57561182975769,107.02861677162791,100.1653387769635,-0.4886921905584123,1072.5299593147308,449.51586766578964,-7.750770822968811,0
28.676120281219482,106.22061677162793,100.1653387769635,-0.4866842571233609,1073.1917358646028,460.25557599887753,-7.822133520006358,0
28.777327299118042,105.48387790407547,101.17668360370683,-0.4886921905584123,1073.0910140376898,470.93721984956716,-7.8929679014578245,1
28.892349243164062,104.56387790407548,101.17668360370683,-0.4886921905584123,1072.0685629208251,482.9608268008541,-7.9731907713259975,1
29.00742244720459,103.6898962344966,101.17668360370683,-0.4886921905584123,1070.1076833917082,494.76173822836853,-8.052720153452581,1
29.124462366104126,103.70902071507932,103.89143104267316,-0.4886921905584123,1067.1685562747978,506.5266573756958,-8.133338708604807,2
29.241151809692383,103.7576724789895,103.89143104267316,-0.4824661688339316,1063.2901644778578,518.0242894625336,-8.213576717031735,2
29.34154748916626,103.78882875155209,103.89143104267316,-0.4754738355952363,1059.2601818032633,527.5854524120499,-8.280791973404455,2
29.456249713897705,104.47882875155211,107.55879127927464,-0.4598518546410859,1053.8322997430737,538.2633382699106,-8.356389411857613,3
29.57177972793579,105.17482875155214,107.55879127927464,-0.4449997523031302,1047.529618268681,548.6659477651192,-8.430049598508335,3
29.67274808883667,105.73281330609983,107.55879127927464,-0.43523530981106073,1041.402337561034,557.3828364347648,-8.492600682915095,3
29.77383828163147,106.33881330609985,111.41485738631545,-0.429256871517888,1034.7105770454275,565.7488585972142,-8.554249115735754,4
29.875566244125366,106.94481330609987,111.41485738631545,-0.4278272751988124,1027.4764366537577,573.7333576263269,-8.615696155902794,4
29.9893856048584,107.6288133060999,111.41485738631545,-0.4336279542461205,1018.6855433772766,582.2413598935728,-8.685919658033205,4
30.104132890701294,108.31881330609993,114.95636987460585,-0.3570120185593015,1009.199543368429,590.2596428744619,-8.748279681676191,5
30.20426082611084,108.91881330609995,114.95636987460585,-0.3524730060977482,1000.530811445312,596.810848172685,-8.798483821580552,5
30.306309938430786,109.53081330609997,114.95636987460585,-0.3528139934905216,991.310090164423,603.0708931981895,-8.849693935959092,5
30.4201762676239,110.2148133061,117.95925159944247,-0.27912790629906087,980.580640570817,609.5414933418327,-8.904143291210593,6
30.53407382965088,110.89881330610002,117.95925159944247,-0.2717135046537596,969.4869450901764,615.5325261078281,-8.948540268560166,6
30.64919137954712,111.58881330610005,117.95925159944247,-0.26897585457896367,957.9684714008539,621.1097703353494,-8.99276872809185,6
30.74954390525818,112.18881330610007,117.95925159944247,-0.2716788547668495,947.700467707935,625.565769132903,-9.031506665485782,6
30.865424871444702,112.8848133061001,120.37546093508746,-0.201281905089678,935.5428745295447,630.3346040066247,-9.065369934570771,7
30.979153394699097,113.56881330610013,120.37546093508746,-0.19668296559112075,923.3726689671108,634.6506862430925,-9.097816459072748,7
31.092839241027832,114.25281330610015,120.37546093508746,-0.1962479103806753,910.9952273001513,638.5954497092349,-9.130068040793592,7
31.193358898162842,114.85281330610017,122.23729150989581,-0.14904802221424793,899.9789150529188,641.7534097435033,-9.155198531049457,8
31.308950662612915,115.5488133061002,122.23729150989581,-0.14366242132039908,887.0441293775248,645.1319422947398,-9.17972718451022,8
31.425118923187256,116.24481330610023,122.23729150989581,-0.14113573287756176,873.9527770346839,648.2149851127044,-9.203753356994767,8
31.540367603302002,116.93481330610025,123.60292050018852,-0.11806242757698787,860.8272424974728,650.9780231657217,-9.227055565311115,9
31.653926849365234,117.61881330610028,123.60292050018852,-0.1128107597686956,847.684551577442,653.45963120196,-9.246353630456243,9
31.75422167778015,118.2188133061003,123.60292050018852,-0.1098951238414503,836.0554706402489,655.4415257776805,-9.262786266967707,9
31.86962890625,118.90881330610033,123.60292050018852,-0.10885269181164652,822.5709996685313,657.4975791952988,-9.281455929797316,9
31.9845449924469,119.59881330610035,124.5307518485362,-0.10171959407262245,808.9720992969459,659.3140400809821,-9.299632567938415,10
32.101491928100586,120.30081330610038,124.5307518485362,-0.09757423577773212,795.0251723664413,660.9265101132552,-9.317099766258663,10
32.21649169921875,120.9908133061004,124.5307518485362,-0.09552016211113064,781.2120989919213,662.2856915269467,-9.333843526412725,10
32.33169770240784,121.68681330610043,125.06761294981726,-0.10355784428382003,767.1775975557268,663.4278440437192,-9.351145616830632,11
32.44788432121277,122.38281330610046,125.06761294981726,-0.09856494841722963,753.0443829991725,664.3244739253718,-9.36900222965002,11
32.54807496070862,122.97548816002619,125.06761294981726,-0.09583895628634277,740.7849203114831,664.9016859591841,-9.383906549126252,11
32.6483678817749,123.46271698847337,125.06761294981726,-0.09494408563945352,728.464348938282,665.2995337418525,-9.39861396801846,11
32.763187408447266,123.93415704552258,125.2431936158631,-0.10915942659115077,714.2364417644297,665.5252455889719,-9.417192958940914,12
32.86369824409485,124.2417097796271,125.2431936158631,-0.10503998639070065,701.7004752422864,665.4970440120668,-9.43396338677375,12
32.96467113494873,124.47740712680482,125.2431936158631,-0.10271503661566857,689.1400239617658,665.2617343319729,-9.450276982177572,12
33.06507349014282,124.65544457921575,125.2431936158631,-0.10254810308023134,676.6892292987378,664.827829067988,-9.466281636209951,12
33.18141317367554,124.75165735109267,125.06761294981715,-0.11900773869720191,662.2440253630671,664.0525594522729,-9.487769694053872,13
33.2954466342926,124.83402703833232,125.06761294981715,-0.11501529892558644,648.0569199320684,662.9873076428199,-9.508587656015086,13
33.40943956375122,124.89493519672091,125.06761294981715,-0.11388180484368944,633.8867718983843,661.630253652368,-9.528980219869247,13
33.525012731552124,124.7911322035952,124.53075184853603,-0.13410254146758419,619.503219139076,659.9413654483534,-9.551982141591704,14
33.625702142715454,124.7298483208127,124.53075184853603,-0.12974507578772093,607.0255141298541,658.1905888626541,-9.572798309705325,14
33.74223613739014,124.67714448306931,124.53075184853603,-0.1276216209029336,592.7487476207499,655.8664993585555,-9.596113521297937,14
33.84300947189331,124.51191475438621,123.60292050018849,-0.15234434267543454,580.3716656894616,653.5726667841993,-9.61702238762703,15
33.943281173706055,124.31027176055399,123.60292050018849,-0.1468576224474835,568.1952425920288,651.0291534125961,-9.640358932076946,15
0.1121053695678711,0.0,0.0,0.0,1059.294319747217,449.99999999999994,-1.6786406687382207,0
0.22719097137451172,0.0,0.0,0.0,1059.294319747217,449.99999999999994,-1.6786406687382207,0
0.34284472465515137,0.0,0.0,0.0,1059.294319747217,449.99999999999994,-1.6786406687382207,0
0.46041083335876465,0.0,0.0,0.0,1059.294319747217,449.99999999999994,-1.6786406687382207,0
0.5757944583892822,0.0,0.0,0.0,1059.294319747217,449.99999999999994,-1.6786406687382207,0
0.6893794536590576,0.0,0.0,0.0,1059.294319747217,449.99999999999994,-1.6786406687382207,0
0.8032741546630859,0.0,0.0,0.0,1059.294319747217,449.99999999999994,-1.6786406687382207,0
0.9178805351257324,0.0,0.0,0.0,1059.294319747217,449.99999999999994,-1.6786406687382207,0
1.0323436260223389,0.0,0.0,0.0,1059.294319747217,449.99999999999994,-1.6786406687382207,0
1.1474580764770508,0.0,0.0,0.0,1059.294319747217,449.99999999999994,-1.6786406687382207,0
1.2618978023529053,0.0,0.0,0.0,1059.294319747217,449.99999999999994,-1.6786406687382207,0
1.3769919872283936,0.0,0.0,0.0,1059.294319747217,449.99999999999994,-1.6786406687382207,0
1.493398904800415,0.0,0.0,0.0,1059.294319747217,449.99999999999994,-1.6786406687382207,0
1.5948212146759033,0.0,0.0,0.0,1059.294319747217,449.99999999999994,-1.6786406687382207,0
1.6954410076141357,0.0,0.0,0.0,1059.294319747217,449.99999999999994,-1.6786406687382207,0
1.8109943866729736,0.0,0.0,0.0,1059.294319747217,449.99999999999994,-1.6786406687382207,0
1.9234766960144043,0.0,0.0,0.0,1059.294319747217,449.99999999999994,-1.6786406687382207,0
2.0243923664093018,0.0,0.0,0.0,1059.294319747217,449.99999999999994,-1.6786406687382207,0
2.126539945602417,0.0,0.0,0.0,1059.294319747217,449.99999999999994,-1.6786406687382207,0
2.240187168121338,0.0,0.0,0.0,1059.294319747217,449.99999999999994,-1.6786406687382207,0
2.3434393405914307,0.0,0.0,0.0,1059.294319747217,449.99999999999994,-1.6786406687382207,0
2.458012342453003,0.0,0.0,0.0,1059.294319747217,449.99999999999994,-1.6786406687382207,0
2.55845308303833,0.0,0.0,0.0,1059.294319747217,449.99999999999994,-1.6786406687382207,0
2.6600120067596436,0.0,0.0,0.0,1059.294319747217,449.99999999999994,-1.6786406687382207,0
2.7751400470733643,0.0,0.0,0.0,1059.294319747217,449.99999999999994,-1.6786406687382207,0
2.875624179840088,0.0,0.0,0.0,1059.294319747217,449.99999999999994,-1.6786406687382207,0
2.9767346382141113,0.0,0.0,0.0,1059.294319747217,449.99999999999994,-1.6786406687382207,0
3.0777432918548584,0.0,0.0,0.0,1059.294319747217,449.99999999999994,-1.6786406687382207,0
3.193169116973877,0.0,0.0,0.0,1059.294319747217,449.99999999999994,-1.6786406687382207,0
3.3079731464385986,0.0,0.0,0.0,1059.294319747217,449.99999999999994,-1.6786406687382207,0
3.4219791889190674,0.0,0.0,0.0,1059.294319747217,449.99999999999994,-1.6786406687382207,0
3.522165060043335,0.0,0.0,0.0,1059.294319747217,449.99999999999994,-1.6786406687382207,0
3.6222357749938965,0.0,0.0,0.0,1059.294319747217,449.99999999999994,-1.6786406687382207,0
3.7226686477661133,0.198,100.1653387769635,-0.20629703074186048,1059.2937920701902,450.0048735162824,-1.678653492024203,0
3.839545249938965,0.8999999999999999,100.1653387769635,-0.20629096864565147,1059.286238097697,450.0745693432731,-1.6788368759519068,0
3.9561421871185303,1.5960000000000005,100.1653387769635,-0.20627665693774608,1059.2699715183528,450.2242279203354,-1.6792306499123644,0
4.056167125701904,2.202000000000001,100.1653387769635,-0.20625858734323194,1059.2486035114355,450.4199670452032,-1.679745652000911,0
4.157432317733765,2.8080000000000003,100.1653387769635,-0.20623583286514674,1059.2204373097659,450.67653361002624,-1.680420669388956,0
4.274296045303345,3.51,100.1653387769635,-0.2062054933860509,1059.1791490736698,451.04973060191185,-1.6814024960778247,0
4.3748085498809814,4.109999999999999,100.1653387769635,-0.2061779761241547,1059.1363157410212,451.4333507018693,-1.6824117110880805,0
4.49005913734436,4.800000000000001,100.1653387769635,-0.20614690558477863,1059.0782208115174,451.9480805985824,-1.6837658282818555,0
4.6067891120910645,5.5020000000000024,100.1653387769635,-0.20612018909170882,1059.009070982841,452.5526769271126,-1.6853564009545843,0
4.708001613616943,6.108000000000003,100.1653387769635,-0.20610363017895875,1058.9409367843873,453.14015303890994,-1.6869020529869687,0
4.809524297714233,6.720000000000005,100.1653387769635,-0.20609707964973592,1058.863886625635,453.7950660802048,-1.6886253698442464,0
4.9264302253723145,7.422000000000007,100.1653387769635,-0.20610662530134513,1058.7649114969663,454.62234428681705,-1.6908027721209384,0
5.041992425918579,8.112000000000007,100.1653387769635,-0.2061403946162632,1058.656100999789,455.5146119414994,-1.6931521423276792,0
5.155861854553223,8.796000000000008,100.1653387769635,-0.20620420923838279,1058.5364004041223,456.47652249835005,-1.6956862887783115,0
5.271064043045044,9.48600000000001,100.1653387769635,-0.2063072807955337,1058.4030922359666,457.5249691942962,-1.6984505194081343,0
5.371357440948486,10.092000000000011,100.1653387769635,-0.20643402810863995,1058.275078315499,458.51048750820587,-1.7010512896755068,0
5.473559379577637,10.704000000000013,100.1653387769635,-0.206610498028427,1058.1349247099918,459.5670298024335,-1.703842643544755,0
5.588920831680298,11.394000000000014,100.1653387769635,-0.20687394831296668,1057.96319728106,460.8317375159032,-1.707189037340221,0
5.6889259815216064,11.994000000000016,100.1653387769635,-0.20716564760940895,1057.8014211090465,461.9949452206698,-1.7102725517041448,0
5.803362846374512,12.684000000000017,100.1653387769635,-0.20758388946734135,1057.6003388548122,463.4053401999456,-1.7140198464168102,0
5.918360710144043,13.374000000000018,101.17668360370683,-0.29955855661253483,1057.381117558272,464.8932836879913,-1.7195659156107446,1
6.020381927490234,13.98600000000002,101.17668360370683,-0.29864641242600426,1057.1691630379648,466.27771300600523,-1.7249627247758006,1
6.121495723724365,14.592000000000022,101.17668360370683,-0.2977579664860542,1056.9421235372165,467.70809669475557,-1.7305256129940128,1
6.237076044082642,15.282000000000023,101.17668360370683,-0.29676671083743317,1056.6615943783984,469.40853688582484,-1.7371232063058437,1
6.352226972579956,15.978000000000025,101.17668360370683,-0.295827818390686,1056.3533496100017,471.2010755064423,-1.7440621804550436,1
6.469547748565674,16.680000000000025,101.17668360370683,-0.29493995962690706,1056.0151026981669,473.0873602011964,-1.7513491983744793,1
6.570528745651245,17.286000000000026,101.17668360370683,-0.29422152525672896,1055.6997252455694,474.7785951222284,-1.7578722890765472,1
6.671163558959961,17.892000000000028,101.17668360370683,-0.2935870137980134,1055.361489204721,476.5277880363258,-1.764611147825711,1
6.772395610809326,18.49800000000003,101.17668360370683,-0.29302424933134913,1054.999223727708,478.3346236220136,-1.7715665991783773,1
6.88918662071228,19.20000000000003,101.17668360370683,-0.29250405878391567,1054.5479419177934,480.49928671558956,-1.7798964804599524,1
6.989867925643921,19.800000000000033,101.17668360370683,-0.292181380319088,1054.1339214598847,482.40994392852775,-1.7872503577855494,1
7.106339693069458,20.502000000000034,101.17668360370683,-0.2919809360398279,1053.6145991625015,484.71571498132306,-1.7961327555423279,1
7.222279071807861,21.198000000000036,101.17668360370683,-0.29199274666691233,1053.0606197506534,487.0759366317575,-1.8052410746338319,1
7.323051691055298,21.798000000000037,101.17668360370683,-0.2922038916510699,1052.550154386787,489.1694042631575,-1.813340481787865,1
7.423300743103027,22.40400000000004,103.89143104267316,-0.3670791309945139,1052.0017182326762,491.3384388986593,-1.8225533610213183,2
7.538944721221924,23.09400000000004,103.89143104267316,-0.3645020890421502,1051.3304065004681,493.87282812902635,-1.8350987354097514,2
7.639049053192139,23.69400000000004,103.89143104267316,-0.36237295590893825,1050.703260083601,496.1317797498062,-1.846238530734031,2
7.75256085395813,24.378000000000043,103.89143104267316,-0.36007246950472144,1049.9369495628582,498.76833297138853,-1.859198093143394,2
7.869770050048828,25.080000000000044,103.89143104267316,-0.3578948364946195,1049.090790192061,501.5412444883913,-1.8727896141242113,2
7.970417499542236,25.686000000000046,103.89143104267316,-0.3561731141483441,1048.3096493036335,503.9883720270428,-1.884760974521413,2
8.070941686630249,26.286000000000048,103.89143104267316,-0.35458850449032425,1047.4881449621173,506.45895983690264,-1.8968340353816766,2
8.171264886856079,26.89200000000005,103.89143104267316,-0.3532287436563889,1046.6079183373668,509.00147750140235,-1.9092550869733604,2
8.272251844406128,27.49800000000005,103.89143104267316,-0.3520767996173564,1045.6750879440795,511.5903231157161,-1.9219100003274596,2
8.373898983001709,28.104000000000052,103.89143104267316,-0.35117855593939,1044.687721736199,514.2243363548981,-1.9348062839789575,2
8.490706443786621,28.806000000000054,103.89143104267316,-0.35050194587391353,1043.4732248315372,517.3304137695137,-1.9500595690381832,2
8.607326030731201,29.508000000000056,107.55879127927464,-0.40055940217645275,1042.177261233807,520.4923275979573,-1.9675014928956829,3
8.708997011184692,30.114000000000058,107.55879127927464,-0.3968074211609444,1040.9862066403043,523.2631656077162,-1.9833674848429537,3
8.82642650604248,30.81600000000006,107.55879127927464,-0.39265450536153973,1039.5199726434425,526.5184180164081,-2.001942137392256,3
8.942098140716553,31.51200000000006,107.55879127927464,-0.3887427143495702,1037.9718385686922,529.7915012013218,-2.020567432476039,3
9.043735265731812,32.12400000000006,107.55879127927464,-0.3855895268491193,1036.5303702295619,532.705018219762,-2.03712247493817,3
9.158684015274048,32.814000000000036,107.55879127927464,-0.3822631098631563,1034.8130683488441,536.0269358731827,-2.055991513088969,3
9.27400255203247,33.50400000000001,107.55879127927464,-0.3793214649418142,1032.9951982760235,539.3854109121085,-2.0750891477628004,3
9.374263286590576,34.10999999999999,107.55879127927464,-0.3770917676226416,1031.313302893354,542.3627802929576,-2.092062949440821,3
10.23376202583313,34.40399999999998,107.55879127927464,-0.3761238915658872,1030.4681413494386,543.815857922453,-2.1003686459909194,3
